zone,top_features
AT00,"price_CZ00 (0.9), price_SK00 (0.1), price_DE00 (0.1)"
BEOF,"price_BE00 (2.0), price_LUF1 (0.0), h2_demand (0.0)"
CZ00,"price_AT00 (0.9), price_SK00 (0.1), price_DE00 (0.1)"
DE00,"price_DEKF (1.0), price_BEOF (0.1), price_CZ00 (0.0)"
FR00,"price_FR15 (1.1), price_BE00 (0.1), price_PL00 (0.0)"
HR00,"electrolyser_gen (1.9), price_SI00 (1.6), demand_system_total (0.4)"
HU00,"price_SK00 (1.2), price_AT00 (0.0), price_DE00 (0.0)"
LUB1,"price_LUV1 (2.0), price_BE00 (0.0), neighbor_demand_BEOF (0.0)"
NLLL,"price_NL00 (1.1), price_LUB1 (0.2), h2_demand (0.0)"
PL00,"price_FR00 (1.0), price_LUB1 (0.2), h2_demand (0.0)"
RO00,"price_SK00 (1.3), price_AT00 (0.0), price_DEKF (0.0)"
SI00,"price_RO00 (0.7), hour (0.4), price_AT00 (0.2)"
SK00,"price_HU00 (1.1), price_AT00 (0.0), price_DEKF (0.0)"
