country,electricity,space_heat,process_heat,steam,cooling,hydrogen
AT,7.512,3.2528,6.0096,4.5072,3.2571,1.5024
BE,7.512,2.6614,6.0096,4.5072,2.1664,1.5024
CZ,7.512,3.2528,6.0096,4.5072,2.7117,1.5024
DE,7.512,2.9571,6.0096,4.5072,2.53,1.5024
FR,7.512,2.2671,6.0096,4.5072,4.3477,1.5024
HR,7.512,2.2671,6.0096,4.5072,10.8915,1.5024
HU,7.512,2.6614,6.0096,4.5072,7.256,1.5024
LU,7.512,2.8585,6.0096,4.5072,2.3482,1.5024
NL,7.512,2.6614,6.0096,4.5072,2.1664,1.5024
PL,7.512,3.2528,6.0096,4.5072,2.8935,1.5024
RO,7.512,2.76,6.0096,4.5072,9.0738,1.5024
SI,7.512,2.6614,6.0096,4.5072,5.0748,1.5024
SK,7.512,3.0557,6.0096,4.5072,4.3477,1.5024
