zone,wind_capacity_mw,pv_capacity_mw,electrolyser_capacity_mw,battery_capacity_mw,tank_capacity_mw
AT00,9900.001101273563,12000.257000000001,1000.2,67.75756044512971,0.0
BE00,10568.8,13610.0,373.000000000001,594.3584,0.0
BEOF,1540.0000000000002,0.0,0.0,0.0,0.0
CZ00,1054.13,11405.7,281.0,637.3,0.0
DE00,159704.27000000002,215002.0,12789.0,3200.4,177.0833333333333
DEKF,369.93000000000006,0.0,0.0,0.0,0.0
FR00,38692.49964310784,42282.19,4176.0,470.0000000000005,416.6666666666666
FR15,31.679999160766663,340.0,0.0,0.0,0.0
HR00,2147.1450000000004,720.18,1273.0,69.99999999999999,0.0
HU00,367.71900000000005,9917.690986071455,240.0,380.16,0.0
LUB1,0.0,0.0,0.0,0.0,0.0
LUF1,0.0,0.0,0.0,0.0,0.0
LUG1,498.30000000000007,1236.0,50.0,25.0,0.0
LUV1,0.0,0.0,0.0,0.0,0.0
NL00,26006.804526935266,59317.087499999994,4000.0,9331.0,137.5
NLLL,2200.0,0.0,0.0,0.0,0.0
PL00,26149.024000000005,21663.41000000001,2000.0,0.0,0.0
RO00,7700.000000000003,8299.999999999998,500.0,400.0,0.0
SI00,134.68780097680096,2750.0,285.0,606.8,0.0
SK00,786.5000000000001,1500.0,0.0,266.0,0.0
