zone,wind_capacity_mw,pv_capacity_mw,electrolyser_capacity_mw
AT00,9000.001001157783,12000.257000000001,700.14
BE00,9608.0,13610.0,261.1000000000007
BEOF,1400.0,0.0,0.0
CZ00,958.3,11405.7,196.7
DE00,145185.7,215002.0,8952.3
DEKF,336.3,0.0,0.0
FR00,35174.99967555258,42282.19,2923.2
FR15,28.7999992370606,340.0,0.0
HR00,1951.95,720.18,891.0999999999999
HU00,334.29,9917.690986071455,168.0
LUB1,0.0,0.0,0.0
LUF1,0.0,0.0,0.0
LUG1,453.0,1236.0,35.0
LUV1,0.0,0.0,0.0
NL00,23642.549569941148,59317.087499999994,2800.0
NLLL,2000.0,0.0,0.0
PL00,23771.84,21663.41000000001,1400.0
RO00,7000.000000000002,8299.999999999998,350.0
SI00,122.4434554334554,2750.0,199.5
SK00,715.0,1500.0,0.0
